startTime,actual
2025-06-30 23:00:00+00:00,6926
2025-06-30 23:30:00+00:00,7240
2025-07-01 00:00:00+00:00,7549
2025-07-01 00:30:00+00:00,7220
2025-07-01 01:00:00+00:00,6670
2025-07-01 01:30:00+00:00,6207
2025-07-01 02:00:00+00:00,5602
2025-07-01 02:30:00+00:00,5288
2025-07-01 03:00:00+00:00,5255
2025-07-01 03:30:00+00:00,4714
2025-07-01 04:00:00+00:00,3745
2025-07-01 04:30:00+00:00,3094
2025-07-01 05:00:00+00:00,2986
2025-07-01 05:30:00+00:00,3264
2025-07-01 06:00:00+00:00,3118
2025-07-01 06:30:00+00:00,3066
2025-07-01 07:00:00+00:00,2953
2025-07-01 07:30:00+00:00,2833
2025-07-01 08:00:00+00:00,2601
2025-07-01 08:30:00+00:00,2299
2025-07-01 09:00:00+00:00,2121
2025-07-01 09:30:00+00:00,2153
2025-07-01 10:00:00+00:00,2131
2025-07-01 10:30:00+00:00,2303
2025-07-01 11:00:00+00:00,2451
2025-07-01 11:30:00+00:00,2702
2025-07-01 12:00:00+00:00,2871
2025-07-01 12:30:00+00:00,3158
2025-07-01 13:00:00+00:00,3521
2025-07-01 13:30:00+00:00,3802
2025-07-01 14:00:00+00:00,3862
2025-07-01 14:30:00+00:00,3919
2025-07-01 15:00:00+00:00,4096
2025-07-01 15:30:00+00:00,4344
2025-07-01 16:00:00+00:00,4359
2025-07-01 16:30:00+00:00,4175
2025-07-01 17:00:00+00:00,3931
2025-07-01 17:30:00+00:00,4205
2025-07-01 18:00:00+00:00,4027
2025-07-01 18:30:00+00:00,3418
2025-07-01 19:00:00+00:00,3021
2025-07-01 19:30:00+00:00,2973
2025-07-01 20:00:00+00:00,2967
2025-07-01 20:30:00+00:00,3034
2025-07-01 21:00:00+00:00,2791
2025-07-01 21:30:00+00:00,2558
2025-07-01 22:00:00+00:00,2419
2025-07-01 22:30:00+00:00,2221
2025-07-01 23:00:00+00:00,1895
2025-07-01 23:30:00+00:00,1874
2025-07-02 00:00:00+00:00,1785
2025-07-02 00:30:00+00:00,2043
2025-07-02 01:00:00+00:00,2248
2025-07-02 01:30:00+00:00,2624
2025-07-02 02:00:00+00:00,2806
2025-07-02 02:30:00+00:00,2617
2025-07-02 03:00:00+00:00,2501
2025-07-02 03:30:00+00:00,2387
2025-07-02 04:00:00+00:00,2357
2025-07-02 04:30:00+00:00,2198
2025-07-02 05:00:00+00:00,1810
2025-07-02 05:30:00+00:00,1752
2025-07-02 06:00:00+00:00,1769
2025-07-02 06:30:00+00:00,1800
2025-07-02 07:00:00+00:00,2116
2025-07-02 07:30:00+00:00,2114
2025-07-02 08:00:00+00:00,2324
2025-07-02 08:30:00+00:00,2462
2025-07-02 09:00:00+00:00,2959
2025-07-02 09:30:00+00:00,3199
2025-07-02 10:00:00+00:00,3363
2025-07-02 10:30:00+00:00,3274
2025-07-02 11:00:00+00:00,3354
2025-07-02 11:30:00+00:00,3329
2025-07-02 12:00:00+00:00,3270
2025-07-02 12:30:00+00:00,3461
2025-07-02 13:00:00+00:00,4000
2025-07-02 13:30:00+00:00,3799
2025-07-02 14:00:00+00:00,3510
2025-07-02 14:30:00+00:00,3391
2025-07-02 15:00:00+00:00,3236
2025-07-02 15:30:00+00:00,3346
2025-07-02 16:00:00+00:00,3620
2025-07-02 16:30:00+00:00,3546
2025-07-02 17:00:00+00:00,3694
2025-07-02 17:30:00+00:00,4324
2025-07-02 18:00:00+00:00,5012
2025-07-02 18:30:00+00:00,6028
2025-07-02 19:00:00+00:00,6989
2025-07-02 19:30:00+00:00,7681
2025-07-02 20:00:00+00:00,7809
2025-07-02 20:30:00+00:00,7563
2025-07-02 21:00:00+00:00,7573
2025-07-02 21:30:00+00:00,7434
2025-07-02 22:00:00+00:00,7070
2025-07-02 22:30:00+00:00,6742
2025-07-02 23:00:00+00:00,6531
2025-07-02 23:30:00+00:00,6458
2025-07-03 00:00:00+00:00,6321
2025-07-03 00:30:00+00:00,6211
2025-07-03 01:00:00+00:00,6053
2025-07-03 01:30:00+00:00,5828
2025-07-03 02:00:00+00:00,5458
2025-07-03 02:30:00+00:00,5020
2025-07-03 03:00:00+00:00,4596
2025-07-03 03:30:00+00:00,4292
2025-07-03 04:00:00+00:00,4178
2025-07-03 04:30:00+00:00,4093
2025-07-03 05:00:00+00:00,4054
2025-07-03 05:30:00+00:00,4007
2025-07-03 06:00:00+00:00,3781
2025-07-03 06:30:00+00:00,3413
2025-07-03 07:00:00+00:00,3323
2025-07-03 07:30:00+00:00,3245
2025-07-03 08:00:00+00:00,3411
2025-07-03 08:30:00+00:00,3732
2025-07-03 09:00:00+00:00,3861
2025-07-03 09:30:00+00:00,3909
2025-07-03 10:00:00+00:00,4124
2025-07-03 10:30:00+00:00,4370
2025-07-03 11:00:00+00:00,4713
2025-07-03 11:30:00+00:00,5083
2025-07-03 12:00:00+00:00,5180
2025-07-03 12:30:00+00:00,5354
2025-07-03 13:00:00+00:00,5341
2025-07-03 13:30:00+00:00,5407
2025-07-03 14:00:00+00:00,5438
2025-07-03 14:30:00+00:00,5627
2025-07-03 15:00:00+00:00,5405
2025-07-03 15:30:00+00:00,5666
2025-07-03 16:00:00+00:00,5843
2025-07-03 16:30:00+00:00,5660
2025-07-03 17:00:00+00:00,5109
2025-07-03 17:30:00+00:00,5341
2025-07-03 18:00:00+00:00,5588
2025-07-03 18:30:00+00:00,5825
2025-07-03 19:00:00+00:00,5640
2025-07-03 19:30:00+00:00,5772
2025-07-03 20:00:00+00:00,5886
2025-07-03 20:30:00+00:00,6193
2025-07-03 21:00:00+00:00,6327
2025-07-03 21:30:00+00:00,6182
2025-07-03 22:00:00+00:00,6061
2025-07-03 22:30:00+00:00,5636
2025-07-03 23:00:00+00:00,5495
2025-07-03 23:30:00+00:00,5112
2025-07-04 00:00:00+00:00,4853
2025-07-04 00:30:00+00:00,4794
2025-07-04 01:00:00+00:00,4975
2025-07-04 01:30:00+00:00,4836
2025-07-04 02:00:00+00:00,5115
2025-07-04 02:30:00+00:00,5398
2025-07-04 03:00:00+00:00,5624
2025-07-04 03:30:00+00:00,5815
2025-07-04 04:00:00+00:00,5701
2025-07-04 04:30:00+00:00,5748
2025-07-04 05:00:00+00:00,5943
2025-07-04 05:30:00+00:00,5849
2025-07-04 06:00:00+00:00,5436
2025-07-04 06:30:00+00:00,5978
2025-07-04 07:00:00+00:00,6138
2025-07-04 07:30:00+00:00,6631
2025-07-04 08:00:00+00:00,6721
2025-07-04 08:30:00+00:00,6954
2025-07-04 09:00:00+00:00,7442
2025-07-04 09:30:00+00:00,7831
2025-07-04 10:00:00+00:00,8473
2025-07-04 10:30:00+00:00,9322
2025-07-04 11:00:00+00:00,10136
2025-07-04 11:30:00+00:00,11117
2025-07-04 12:00:00+00:00,11890
2025-07-04 12:30:00+00:00,12691
2025-07-04 13:00:00+00:00,12869
2025-07-04 13:30:00+00:00,13274
2025-07-04 14:00:00+00:00,12444
2025-07-04 14:30:00+00:00,11904
2025-07-04 15:00:00+00:00,11647
2025-07-04 15:30:00+00:00,11167
2025-07-04 16:00:00+00:00,11466
2025-07-04 16:30:00+00:00,11198
2025-07-04 17:00:00+00:00,10769
2025-07-04 17:30:00+00:00,10312
2025-07-04 18:00:00+00:00,10541
2025-07-04 18:30:00+00:00,10631
2025-07-04 19:00:00+00:00,11096
2025-07-04 19:30:00+00:00,11548
2025-07-04 20:00:00+00:00,11833
2025-07-04 20:30:00+00:00,11731
2025-07-04 21:00:00+00:00,11601
2025-07-04 21:30:00+00:00,11566
2025-07-04 22:00:00+00:00,11622
2025-07-04 22:30:00+00:00,12056
2025-07-04 23:00:00+00:00,12463
2025-07-04 23:30:00+00:00,12631
2025-07-05 00:00:00+00:00,12542
2025-07-05 00:30:00+00:00,12369
2025-07-05 01:00:00+00:00,12579
2025-07-05 01:30:00+00:00,12794
2025-07-05 02:00:00+00:00,13048
2025-07-05 02:30:00+00:00,13313
2025-07-05 03:00:00+00:00,13200
2025-07-05 03:30:00+00:00,12910
2025-07-05 04:00:00+00:00,12636
2025-07-05 04:30:00+00:00,12350
2025-07-05 05:00:00+00:00,12117
2025-07-05 05:30:00+00:00,12359
2025-07-05 06:00:00+00:00,12657
2025-07-05 06:30:00+00:00,12870
2025-07-05 07:00:00+00:00,13003
2025-07-05 07:30:00+00:00,13025
2025-07-05 08:00:00+00:00,12855
2025-07-05 08:30:00+00:00,12870
2025-07-05 09:00:00+00:00,13046
2025-07-05 09:30:00+00:00,12623
2025-07-05 10:00:00+00:00,12308
2025-07-05 10:30:00+00:00,11934
2025-07-05 11:00:00+00:00,11779
2025-07-05 11:30:00+00:00,11685
2025-07-05 12:00:00+00:00,11624
2025-07-05 12:30:00+00:00,11577
2025-07-05 13:00:00+00:00,12011
2025-07-05 13:30:00+00:00,11073
2025-07-05 14:00:00+00:00,10830
2025-07-05 14:30:00+00:00,10076
2025-07-05 15:00:00+00:00,9796
2025-07-05 15:30:00+00:00,10629
2025-07-05 16:00:00+00:00,11364
2025-07-05 16:30:00+00:00,11318
2025-07-05 17:00:00+00:00,11025
2025-07-05 17:30:00+00:00,10434
2025-07-05 18:00:00+00:00,10730
2025-07-05 18:30:00+00:00,10383
2025-07-05 19:00:00+00:00,9541
2025-07-05 19:30:00+00:00,9200
2025-07-05 20:00:00+00:00,8687
2025-07-05 20:30:00+00:00,8201
2025-07-05 21:00:00+00:00,8130
2025-07-05 21:30:00+00:00,7956
2025-07-05 22:00:00+00:00,7690
2025-07-05 22:30:00+00:00,7255
2025-07-05 23:00:00+00:00,7216
2025-07-05 23:30:00+00:00,7394
2025-07-06 00:00:00+00:00,7717
2025-07-06 00:30:00+00:00,7381
2025-07-06 01:00:00+00:00,6960
2025-07-06 01:30:00+00:00,6379
2025-07-06 02:00:00+00:00,5984
2025-07-06 02:30:00+00:00,5350
2025-07-06 03:00:00+00:00,4771
2025-07-06 03:30:00+00:00,4237
2025-07-06 04:00:00+00:00,3887
2025-07-06 04:30:00+00:00,3406
2025-07-06 05:00:00+00:00,3144
2025-07-06 05:30:00+00:00,3161
2025-07-06 06:00:00+00:00,3142
2025-07-06 06:30:00+00:00,3233
2025-07-06 07:00:00+00:00,3327
2025-07-06 07:30:00+00:00,3546
2025-07-06 08:00:00+00:00,3595
2025-07-06 08:30:00+00:00,3372
2025-07-06 09:00:00+00:00,3230
2025-07-06 09:30:00+00:00,3371
2025-07-06 10:00:00+00:00,3355
2025-07-06 10:30:00+00:00,3385
2025-07-06 11:00:00+00:00,3211
2025-07-06 11:30:00+00:00,3315
2025-07-06 12:00:00+00:00,3326
2025-07-06 12:30:00+00:00,3797
2025-07-06 13:00:00+00:00,4140
2025-07-06 13:30:00+00:00,3841
2025-07-06 14:00:00+00:00,3919
2025-07-06 14:30:00+00:00,4031
2025-07-06 15:00:00+00:00,4209
2025-07-06 15:30:00+00:00,4488
2025-07-06 16:00:00+00:00,4664
2025-07-06 16:30:00+00:00,4821
2025-07-06 17:00:00+00:00,5131
2025-07-06 17:30:00+00:00,5465
2025-07-06 18:00:00+00:00,5366
2025-07-06 18:30:00+00:00,5483
2025-07-06 19:00:00+00:00,5877
2025-07-06 19:30:00+00:00,6085
2025-07-06 20:00:00+00:00,5824
2025-07-06 20:30:00+00:00,5859
2025-07-06 21:00:00+00:00,6158
2025-07-06 21:30:00+00:00,6221
2025-07-06 22:00:00+00:00,6258
2025-07-06 22:30:00+00:00,6314
2025-07-06 23:00:00+00:00,6151
2025-07-06 23:30:00+00:00,6474
2025-07-07 00:00:00+00:00,6777
2025-07-07 00:30:00+00:00,7283
2025-07-07 01:00:00+00:00,7760
2025-07-07 01:30:00+00:00,7977
2025-07-07 02:00:00+00:00,8133
2025-07-07 02:30:00+00:00,8283
2025-07-07 03:00:00+00:00,8539
2025-07-07 03:30:00+00:00,8840
2025-07-07 04:00:00+00:00,9509
2025-07-07 04:30:00+00:00,9917
2025-07-07 05:00:00+00:00,10672
2025-07-07 05:30:00+00:00,11072
2025-07-07 06:00:00+00:00,11604
2025-07-07 06:30:00+00:00,12582
2025-07-07 07:00:00+00:00,13029
2025-07-07 07:30:00+00:00,13384
2025-07-07 08:00:00+00:00,13384
2025-07-07 08:30:00+00:00,12502
2025-07-07 09:00:00+00:00,12042
2025-07-07 09:30:00+00:00,11516
2025-07-07 10:00:00+00:00,11659
2025-07-07 10:30:00+00:00,12231
2025-07-07 11:00:00+00:00,12248
2025-07-07 11:30:00+00:00,12958
2025-07-07 12:00:00+00:00,13198
2025-07-07 12:30:00+00:00,13068
2025-07-07 13:00:00+00:00,12823
2025-07-07 13:30:00+00:00,12372
2025-07-07 14:00:00+00:00,11983
2025-07-07 14:30:00+00:00,11598
2025-07-07 15:00:00+00:00,10649
2025-07-07 15:30:00+00:00,10148
2025-07-07 16:00:00+00:00,9529
2025-07-07 16:30:00+00:00,8864
2025-07-07 17:00:00+00:00,7429
2025-07-07 17:30:00+00:00,6557
2025-07-07 18:00:00+00:00,5786
2025-07-07 18:30:00+00:00,5359
2025-07-07 19:00:00+00:00,5066
2025-07-07 19:30:00+00:00,5317
2025-07-07 20:00:00+00:00,5691
2025-07-07 20:30:00+00:00,6534
2025-07-07 21:00:00+00:00,6947
2025-07-07 21:30:00+00:00,7196
2025-07-07 22:00:00+00:00,7509
2025-07-07 22:30:00+00:00,8158
2025-07-07 23:00:00+00:00,8929
2025-07-07 23:30:00+00:00,9383
2025-07-08 00:00:00+00:00,9164
2025-07-08 00:30:00+00:00,9103
2025-07-08 01:00:00+00:00,9702
2025-07-08 01:30:00+00:00,9607
2025-07-08 02:00:00+00:00,9536
2025-07-08 02:30:00+00:00,9683
2025-07-08 03:00:00+00:00,9800
2025-07-08 03:30:00+00:00,9073
2025-07-08 04:00:00+00:00,8652
2025-07-08 04:30:00+00:00,9048
2025-07-08 05:00:00+00:00,8849
2025-07-08 05:30:00+00:00,8522
2025-07-08 06:00:00+00:00,8276
2025-07-08 06:30:00+00:00,8031
2025-07-08 07:00:00+00:00,7473
2025-07-08 07:30:00+00:00,7185
2025-07-08 08:00:00+00:00,6723
2025-07-08 08:30:00+00:00,6389
2025-07-08 09:00:00+00:00,6067
2025-07-08 09:30:00+00:00,5856
2025-07-08 10:00:00+00:00,5615
2025-07-08 10:30:00+00:00,5387
2025-07-08 11:00:00+00:00,5150
2025-07-08 11:30:00+00:00,4902
2025-07-08 12:00:00+00:00,4860
2025-07-08 12:30:00+00:00,4794
2025-07-08 13:00:00+00:00,4670
2025-07-08 13:30:00+00:00,4506
2025-07-08 14:00:00+00:00,4270
2025-07-08 14:30:00+00:00,4138
2025-07-08 15:00:00+00:00,3967
2025-07-08 15:30:00+00:00,3841
2025-07-08 16:00:00+00:00,3772
2025-07-08 16:30:00+00:00,3700
2025-07-08 17:00:00+00:00,3510
2025-07-08 17:30:00+00:00,3447
2025-07-08 18:00:00+00:00,3562
2025-07-08 18:30:00+00:00,3540
2025-07-08 19:00:00+00:00,3387
2025-07-08 19:30:00+00:00,3391
2025-07-08 20:00:00+00:00,3199
2025-07-08 20:30:00+00:00,3390
2025-07-08 21:00:00+00:00,3627
2025-07-08 21:30:00+00:00,3610
2025-07-08 22:00:00+00:00,3770
2025-07-08 22:30:00+00:00,3637
2025-07-08 23:00:00+00:00,3584
2025-07-08 23:30:00+00:00,3686
2025-07-09 00:00:00+00:00,3709
2025-07-09 00:30:00+00:00,3647
2025-07-09 01:00:00+00:00,3746
2025-07-09 01:30:00+00:00,3648
2025-07-09 02:00:00+00:00,3719
2025-07-09 02:30:00+00:00,3766
2025-07-09 03:00:00+00:00,3395
2025-07-09 03:30:00+00:00,3280
2025-07-09 04:00:00+00:00,3078
2025-07-09 04:30:00+00:00,3192
2025-07-09 05:00:00+00:00,2951
2025-07-09 05:30:00+00:00,2818
2025-07-09 06:00:00+00:00,2618
2025-07-09 06:30:00+00:00,2715
2025-07-09 07:00:00+00:00,2426
2025-07-09 07:30:00+00:00,2324
2025-07-09 08:00:00+00:00,2296
2025-07-09 08:30:00+00:00,2152
2025-07-09 09:00:00+00:00,2123
2025-07-09 09:30:00+00:00,2084
2025-07-09 10:00:00+00:00,2028
2025-07-09 10:30:00+00:00,2106
2025-07-09 11:00:00+00:00,2193
2025-07-09 11:30:00+00:00,2151
2025-07-09 12:00:00+00:00,2400
2025-07-09 12:30:00+00:00,2856
2025-07-09 13:00:00+00:00,2941
2025-07-09 13:30:00+00:00,2741
2025-07-09 14:00:00+00:00,2848
2025-07-09 14:30:00+00:00,3033
2025-07-09 15:00:00+00:00,3311
2025-07-09 15:30:00+00:00,3438
2025-07-09 16:00:00+00:00,3565
2025-07-09 16:30:00+00:00,3660
2025-07-09 17:00:00+00:00,3597
2025-07-09 17:30:00+00:00,3410
2025-07-09 18:00:00+00:00,3083
2025-07-09 18:30:00+00:00,2826
2025-07-09 19:00:00+00:00,2540
2025-07-09 19:30:00+00:00,2320
2025-07-09 20:00:00+00:00,2309
2025-07-09 20:30:00+00:00,2271
2025-07-09 21:00:00+00:00,2356
2025-07-09 21:30:00+00:00,2540
2025-07-09 22:00:00+00:00,2709
2025-07-09 22:30:00+00:00,2890
2025-07-09 23:00:00+00:00,2839
2025-07-09 23:30:00+00:00,3036
2025-07-10 00:00:00+00:00,3015
2025-07-10 00:30:00+00:00,2828
2025-07-10 01:00:00+00:00,2699
2025-07-10 01:30:00+00:00,2841
2025-07-10 02:00:00+00:00,2895
2025-07-10 02:30:00+00:00,2847
2025-07-10 03:00:00+00:00,2814
2025-07-10 03:30:00+00:00,2942
2025-07-10 04:00:00+00:00,2896
2025-07-10 04:30:00+00:00,2805
2025-07-10 05:00:00+00:00,2788
2025-07-10 05:30:00+00:00,2642
2025-07-10 06:00:00+00:00,2593
2025-07-10 06:30:00+00:00,2534
2025-07-10 07:00:00+00:00,2561
2025-07-10 07:30:00+00:00,2578
2025-07-10 08:00:00+00:00,2531
2025-07-10 08:30:00+00:00,2451
2025-07-10 09:00:00+00:00,2365
2025-07-10 09:30:00+00:00,388
2025-07-10 10:00:00+00:00,0
2025-07-10 10:30:00+00:00,397
2025-07-10 11:00:00+00:00,2354
2025-07-10 11:30:00+00:00,2414
2025-07-10 12:00:00+00:00,2446
2025-07-10 12:30:00+00:00,2664
2025-07-10 13:00:00+00:00,2694
2025-07-10 13:30:00+00:00,2714
2025-07-10 14:00:00+00:00,2743
2025-07-10 14:30:00+00:00,2802
2025-07-10 15:00:00+00:00,2727
2025-07-10 15:30:00+00:00,2792
2025-07-10 16:00:00+00:00,2739
2025-07-10 16:30:00+00:00,2607
2025-07-10 17:00:00+00:00,2310
2025-07-10 17:30:00+00:00,2116
2025-07-10 18:00:00+00:00,2107
2025-07-10 18:30:00+00:00,2001
2025-07-10 19:00:00+00:00,1956
2025-07-10 19:30:00+00:00,2012
2025-07-10 20:00:00+00:00,2137
2025-07-10 20:30:00+00:00,2150
2025-07-10 21:00:00+00:00,2140
2025-07-10 21:30:00+00:00,1947
2025-07-10 22:00:00+00:00,1791
2025-07-10 22:30:00+00:00,1718
2025-07-10 23:00:00+00:00,1609
2025-07-10 23:30:00+00:00,1511
2025-07-11 00:00:00+00:00,1640
2025-07-11 00:30:00+00:00,1590
2025-07-11 01:00:00+00:00,1512
2025-07-11 01:30:00+00:00,1539
2025-07-11 02:00:00+00:00,1566
2025-07-11 02:30:00+00:00,1656
2025-07-11 03:00:00+00:00,1559
2025-07-11 03:30:00+00:00,1507
2025-07-11 04:00:00+00:00,1403
2025-07-11 04:30:00+00:00,1245
2025-07-11 05:00:00+00:00,1123
2025-07-11 05:30:00+00:00,994
2025-07-11 06:00:00+00:00,894
2025-07-11 06:30:00+00:00,801
2025-07-11 07:00:00+00:00,692
2025-07-11 07:30:00+00:00,666
2025-07-11 08:00:00+00:00,668
2025-07-11 08:30:00+00:00,575
2025-07-11 09:00:00+00:00,492
2025-07-11 09:30:00+00:00,522
2025-07-11 10:00:00+00:00,566
2025-07-11 10:30:00+00:00,593
2025-07-11 11:00:00+00:00,649
2025-07-11 11:30:00+00:00,712
2025-07-11 12:00:00+00:00,746
2025-07-11 12:30:00+00:00,861
2025-07-11 13:00:00+00:00,998
2025-07-11 13:30:00+00:00,1079
2025-07-11 14:00:00+00:00,1263
2025-07-11 14:30:00+00:00,1320
2025-07-11 15:00:00+00:00,1367
2025-07-11 15:30:00+00:00,1493
2025-07-11 16:00:00+00:00,1631
2025-07-11 16:30:00+00:00,1789
2025-07-11 17:00:00+00:00,1963
2025-07-11 17:30:00+00:00,2139
2025-07-11 18:00:00+00:00,2267
2025-07-11 18:30:00+00:00,2454
2025-07-11 19:00:00+00:00,2642
2025-07-11 19:30:00+00:00,2727
2025-07-11 20:00:00+00:00,2791
2025-07-11 20:30:00+00:00,2803
2025-07-11 21:00:00+00:00,2788
2025-07-11 21:30:00+00:00,2703
2025-07-11 22:00:00+00:00,2531
2025-07-11 22:30:00+00:00,2412
2025-07-11 23:00:00+00:00,2352
2025-07-11 23:30:00+00:00,2156
2025-07-12 00:00:00+00:00,1835
2025-07-12 00:30:00+00:00,1748
2025-07-12 01:00:00+00:00,1573
2025-07-12 01:30:00+00:00,1421
2025-07-12 02:00:00+00:00,1373
2025-07-12 02:30:00+00:00,1314
2025-07-12 03:00:00+00:00,1302
2025-07-12 03:30:00+00:00,1307
2025-07-12 04:00:00+00:00,1273
2025-07-12 04:30:00+00:00,1250
2025-07-12 05:00:00+00:00,1222
2025-07-12 05:30:00+00:00,1215
2025-07-12 06:00:00+00:00,1230
2025-07-12 06:30:00+00:00,1271
2025-07-12 07:00:00+00:00,1343
2025-07-12 07:30:00+00:00,1411
2025-07-12 08:00:00+00:00,1430
2025-07-12 08:30:00+00:00,1474
2025-07-12 09:00:00+00:00,1426
2025-07-12 09:30:00+00:00,1436
2025-07-12 10:00:00+00:00,1415
2025-07-12 10:30:00+00:00,1441
2025-07-12 11:00:00+00:00,1393
2025-07-12 11:30:00+00:00,1417
2025-07-12 12:00:00+00:00,1472
2025-07-12 12:30:00+00:00,1712
2025-07-12 13:00:00+00:00,1948
2025-07-12 13:30:00+00:00,2179
2025-07-12 14:00:00+00:00,2541
2025-07-12 14:30:00+00:00,2816
2025-07-12 15:00:00+00:00,3106
2025-07-12 15:30:00+00:00,3302
2025-07-12 16:00:00+00:00,3527
2025-07-12 16:30:00+00:00,3537
2025-07-12 17:00:00+00:00,3614
2025-07-12 17:30:00+00:00,3678
2025-07-12 18:00:00+00:00,3818
2025-07-12 18:30:00+00:00,3831
2025-07-12 19:00:00+00:00,3652
2025-07-12 19:30:00+00:00,3910
2025-07-12 20:00:00+00:00,4123
2025-07-12 20:30:00+00:00,4399
2025-07-12 21:00:00+00:00,5022
2025-07-12 21:30:00+00:00,5142
2025-07-12 22:00:00+00:00,5188
2025-07-12 22:30:00+00:00,5188
2025-07-12 23:00:00+00:00,5064
2025-07-12 23:30:00+00:00,5063
2025-07-13 00:00:00+00:00,5017
2025-07-13 00:30:00+00:00,4723
2025-07-13 01:00:00+00:00,4569
2025-07-13 01:30:00+00:00,4206
2025-07-13 02:00:00+00:00,3913
2025-07-13 02:30:00+00:00,3641
2025-07-13 03:00:00+00:00,3391
2025-07-13 03:30:00+00:00,3591
2025-07-13 04:00:00+00:00,3634
2025-07-13 04:30:00+00:00,3794
2025-07-13 05:00:00+00:00,3809
2025-07-13 05:30:00+00:00,3583
2025-07-13 06:00:00+00:00,3252
2025-07-13 06:30:00+00:00,2818
2025-07-13 07:00:00+00:00,2872
2025-07-13 07:30:00+00:00,2581
2025-07-13 08:00:00+00:00,2337
2025-07-13 08:30:00+00:00,2205
2025-07-13 09:00:00+00:00,2050
2025-07-13 09:30:00+00:00,2014
2025-07-13 10:00:00+00:00,1716
2025-07-13 10:30:00+00:00,1641
2025-07-13 11:00:00+00:00,1756
2025-07-13 11:30:00+00:00,1843
2025-07-13 12:00:00+00:00,1974
2025-07-13 12:30:00+00:00,1899
2025-07-13 13:00:00+00:00,1723
2025-07-13 13:30:00+00:00,1624
2025-07-13 14:00:00+00:00,1515
2025-07-13 14:30:00+00:00,1482
2025-07-13 15:00:00+00:00,1566
2025-07-13 15:30:00+00:00,1668
2025-07-13 16:00:00+00:00,1902
2025-07-13 16:30:00+00:00,1839
2025-07-13 17:00:00+00:00,2048
2025-07-13 17:30:00+00:00,2584
2025-07-13 18:00:00+00:00,3141
2025-07-13 18:30:00+00:00,3641
2025-07-13 19:00:00+00:00,4138
2025-07-13 19:30:00+00:00,4445
2025-07-13 20:00:00+00:00,4428
2025-07-13 20:30:00+00:00,4362
2025-07-13 21:00:00+00:00,4458
2025-07-13 21:30:00+00:00,4725
2025-07-13 22:00:00+00:00,4932
2025-07-13 22:30:00+00:00,5252
2025-07-13 23:00:00+00:00,5684
2025-07-13 23:30:00+00:00,5599
2025-07-14 00:00:00+00:00,5612
2025-07-14 00:30:00+00:00,5353
2025-07-14 01:00:00+00:00,5262
2025-07-14 01:30:00+00:00,5533
2025-07-14 02:00:00+00:00,5778
2025-07-14 02:30:00+00:00,5550
2025-07-14 03:00:00+00:00,5637
2025-07-14 03:30:00+00:00,5614
2025-07-14 04:00:00+00:00,5502
2025-07-14 04:30:00+00:00,5308
2025-07-14 05:00:00+00:00,5300
2025-07-14 05:30:00+00:00,5167
2025-07-14 06:00:00+00:00,5450
2025-07-14 06:30:00+00:00,5453
2025-07-14 07:00:00+00:00,5899
2025-07-14 07:30:00+00:00,6024
2025-07-14 08:00:00+00:00,6362
2025-07-14 08:30:00+00:00,6241
2025-07-14 09:00:00+00:00,6816
2025-07-14 09:30:00+00:00,7347
2025-07-14 10:00:00+00:00,7598
2025-07-14 10:30:00+00:00,7581
2025-07-14 11:00:00+00:00,7817
2025-07-14 11:30:00+00:00,8965
2025-07-14 12:00:00+00:00,9281
2025-07-14 12:30:00+00:00,9702
2025-07-14 13:00:00+00:00,10764
2025-07-14 13:30:00+00:00,11144
2025-07-14 14:00:00+00:00,11378
2025-07-14 14:30:00+00:00,11440
2025-07-14 15:00:00+00:00,11150
2025-07-14 15:30:00+00:00,10827
2025-07-14 16:00:00+00:00,10875
2025-07-14 16:30:00+00:00,11423
2025-07-14 17:00:00+00:00,11793
2025-07-14 17:30:00+00:00,11743
2025-07-14 18:00:00+00:00,11579
2025-07-14 18:30:00+00:00,11589
2025-07-14 19:00:00+00:00,11010
2025-07-14 19:30:00+00:00,10687
2025-07-14 20:00:00+00:00,10127
2025-07-14 20:30:00+00:00,9794
2025-07-14 21:00:00+00:00,9243
2025-07-14 21:30:00+00:00,9027
2025-07-14 22:00:00+00:00,8636
2025-07-14 22:30:00+00:00,8168
2025-07-14 23:00:00+00:00,7534
2025-07-14 23:30:00+00:00,6772
2025-07-15 00:00:00+00:00,6205
2025-07-15 00:30:00+00:00,5852
2025-07-15 01:00:00+00:00,5912
2025-07-15 01:30:00+00:00,5934
2025-07-15 02:00:00+00:00,5982
2025-07-15 02:30:00+00:00,5957
2025-07-15 03:00:00+00:00,5877
2025-07-15 03:30:00+00:00,6156
2025-07-15 04:00:00+00:00,6366
2025-07-15 04:30:00+00:00,6370
2025-07-15 05:00:00+00:00,6351
2025-07-15 05:30:00+00:00,6339
2025-07-15 06:00:00+00:00,6512
2025-07-15 06:30:00+00:00,6873
2025-07-15 07:00:00+00:00,6941
2025-07-15 07:30:00+00:00,7345
2025-07-15 08:00:00+00:00,7608
2025-07-15 08:30:00+00:00,7724
2025-07-15 09:00:00+00:00,7998
2025-07-15 09:30:00+00:00,7979
2025-07-15 10:00:00+00:00,8419
2025-07-15 10:30:00+00:00,8853
2025-07-15 11:00:00+00:00,9435
2025-07-15 11:30:00+00:00,9451
2025-07-15 12:00:00+00:00,9791
2025-07-15 12:30:00+00:00,10397
2025-07-15 13:00:00+00:00,10866
2025-07-15 13:30:00+00:00,10335
2025-07-15 14:00:00+00:00,10144
2025-07-15 14:30:00+00:00,10233
2025-07-15 15:00:00+00:00,9982
2025-07-15 15:30:00+00:00,8990
2025-07-15 16:00:00+00:00,8855
2025-07-15 16:30:00+00:00,9086
2025-07-15 17:00:00+00:00,9071
2025-07-15 17:30:00+00:00,9526
2025-07-15 18:00:00+00:00,9975
2025-07-15 18:30:00+00:00,10007
2025-07-15 19:00:00+00:00,9509
2025-07-15 19:30:00+00:00,9308
2025-07-15 20:00:00+00:00,9640
2025-07-15 20:30:00+00:00,9442
2025-07-15 21:00:00+00:00,9134
2025-07-15 21:30:00+00:00,8551
2025-07-15 22:00:00+00:00,8339
2025-07-15 22:30:00+00:00,8343
2025-07-15 23:00:00+00:00,8415
2025-07-15 23:30:00+00:00,8267
2025-07-16 00:00:00+00:00,8527
2025-07-16 00:30:00+00:00,8575
2025-07-16 01:00:00+00:00,8551
2025-07-16 01:30:00+00:00,8250
2025-07-16 02:00:00+00:00,7788
2025-07-16 02:30:00+00:00,7549
2025-07-16 03:00:00+00:00,7285
2025-07-16 03:30:00+00:00,6908
2025-07-16 04:00:00+00:00,6500
2025-07-16 04:30:00+00:00,6185
2025-07-16 05:00:00+00:00,5712
2025-07-16 05:30:00+00:00,5203
2025-07-16 06:00:00+00:00,4677
2025-07-16 06:30:00+00:00,4375
2025-07-16 07:00:00+00:00,3827
2025-07-16 07:30:00+00:00,3255
2025-07-16 08:00:00+00:00,3069
2025-07-16 08:30:00+00:00,2703
2025-07-16 09:00:00+00:00,2283
2025-07-16 09:30:00+00:00,2049
2025-07-16 10:00:00+00:00,1948
2025-07-16 10:30:00+00:00,1864
2025-07-16 11:00:00+00:00,1759
2025-07-16 11:30:00+00:00,1709
2025-07-16 12:00:00+00:00,1553
2025-07-16 12:30:00+00:00,1316
2025-07-16 13:00:00+00:00,1203
2025-07-16 13:30:00+00:00,1100
2025-07-16 14:00:00+00:00,1079
2025-07-16 14:30:00+00:00,1069
2025-07-16 15:00:00+00:00,1043
2025-07-16 15:30:00+00:00,1007
2025-07-16 16:00:00+00:00,1021
2025-07-16 16:30:00+00:00,963
2025-07-16 17:00:00+00:00,785
2025-07-16 17:30:00+00:00,747
2025-07-16 18:00:00+00:00,653
2025-07-16 18:30:00+00:00,630
2025-07-16 19:00:00+00:00,603
2025-07-16 19:30:00+00:00,523
2025-07-16 20:00:00+00:00,468
2025-07-16 20:30:00+00:00,366
2025-07-16 21:00:00+00:00,284
2025-07-16 21:30:00+00:00,269
2025-07-16 22:00:00+00:00,244
2025-07-16 22:30:00+00:00,214
2025-07-16 23:00:00+00:00,231
2025-07-16 23:30:00+00:00,240
2025-07-17 00:00:00+00:00,279
2025-07-17 00:30:00+00:00,296
2025-07-17 01:00:00+00:00,305
2025-07-17 01:30:00+00:00,335
2025-07-17 02:00:00+00:00,398
2025-07-17 02:30:00+00:00,455
2025-07-17 03:00:00+00:00,593
2025-07-17 03:30:00+00:00,723
2025-07-17 04:00:00+00:00,788
2025-07-17 04:30:00+00:00,1039
2025-07-17 05:00:00+00:00,1075
2025-07-17 05:30:00+00:00,1139
2025-07-17 06:00:00+00:00,1087
2025-07-17 06:30:00+00:00,1097
2025-07-17 07:00:00+00:00,1079
2025-07-17 07:30:00+00:00,1179
2025-07-17 08:00:00+00:00,1287
2025-07-17 08:30:00+00:00,1516
2025-07-17 09:00:00+00:00,1801
2025-07-17 09:30:00+00:00,1974
2025-07-17 10:00:00+00:00,2107
2025-07-17 10:30:00+00:00,2338
2025-07-17 11:00:00+00:00,2517
2025-07-17 11:30:00+00:00,2673
2025-07-17 12:00:00+00:00,2846
2025-07-17 12:30:00+00:00,3060
2025-07-17 13:00:00+00:00,3468
2025-07-17 13:30:00+00:00,4019
2025-07-17 14:00:00+00:00,4520
2025-07-17 14:30:00+00:00,4807
2025-07-17 15:00:00+00:00,4833
2025-07-17 15:30:00+00:00,4791
2025-07-17 16:00:00+00:00,4936
2025-07-17 16:30:00+00:00,4898
2025-07-17 17:00:00+00:00,4937
2025-07-17 17:30:00+00:00,4864
2025-07-17 18:00:00+00:00,5205
2025-07-17 18:30:00+00:00,5027
2025-07-17 19:00:00+00:00,5049
2025-07-17 19:30:00+00:00,5269
2025-07-17 20:00:00+00:00,5640
2025-07-17 20:30:00+00:00,5813
2025-07-17 21:00:00+00:00,5769
2025-07-17 21:30:00+00:00,5490
2025-07-17 22:00:00+00:00,5251
2025-07-17 22:30:00+00:00,5262
2025-07-17 23:00:00+00:00,5138
2025-07-17 23:30:00+00:00,5019
2025-07-18 00:00:00+00:00,5040
2025-07-18 00:30:00+00:00,4514
2025-07-18 01:00:00+00:00,4575
2025-07-18 01:30:00+00:00,4483
2025-07-18 02:00:00+00:00,4342
2025-07-18 02:30:00+00:00,4364
2025-07-18 03:00:00+00:00,4306
2025-07-18 03:30:00+00:00,4176
2025-07-18 04:00:00+00:00,4346
2025-07-18 04:30:00+00:00,4423
2025-07-18 05:00:00+00:00,4332
2025-07-18 05:30:00+00:00,4427
2025-07-18 06:00:00+00:00,4120
2025-07-18 06:30:00+00:00,4234
2025-07-18 07:00:00+00:00,4133
2025-07-18 07:30:00+00:00,4187
2025-07-18 08:00:00+00:00,4087
2025-07-18 08:30:00+00:00,3745
2025-07-18 09:00:00+00:00,3807
2025-07-18 09:30:00+00:00,3628
2025-07-18 10:00:00+00:00,3624
2025-07-18 10:30:00+00:00,3699
2025-07-18 11:00:00+00:00,3672
2025-07-18 11:30:00+00:00,3765
2025-07-18 12:00:00+00:00,3887
2025-07-18 12:30:00+00:00,3702
2025-07-18 13:00:00+00:00,3426
2025-07-18 13:30:00+00:00,3459
2025-07-18 14:00:00+00:00,3404
2025-07-18 14:30:00+00:00,3484
2025-07-18 15:00:00+00:00,3787
2025-07-18 15:30:00+00:00,4034
2025-07-18 16:00:00+00:00,4107
2025-07-18 16:30:00+00:00,4064
2025-07-18 17:00:00+00:00,4276
2025-07-18 17:30:00+00:00,4593
2025-07-18 18:00:00+00:00,4744
2025-07-18 18:30:00+00:00,4708
2025-07-18 19:00:00+00:00,4533
2025-07-18 19:30:00+00:00,4460
2025-07-18 20:00:00+00:00,4431
2025-07-18 20:30:00+00:00,4479
2025-07-18 21:00:00+00:00,4536
2025-07-18 21:30:00+00:00,4445
2025-07-18 22:00:00+00:00,4317
2025-07-18 22:30:00+00:00,4125
2025-07-18 23:00:00+00:00,3902
2025-07-18 23:30:00+00:00,3916
2025-07-19 00:00:00+00:00,4026
2025-07-19 00:30:00+00:00,4107
2025-07-19 01:00:00+00:00,3886
2025-07-19 01:30:00+00:00,3681
2025-07-19 02:00:00+00:00,3441
2025-07-19 02:30:00+00:00,3169
2025-07-19 03:00:00+00:00,3083
2025-07-19 03:30:00+00:00,2976
2025-07-19 04:00:00+00:00,2741
2025-07-19 04:30:00+00:00,2898
2025-07-19 05:00:00+00:00,3066
2025-07-19 05:30:00+00:00,3441
2025-07-19 06:00:00+00:00,3771
2025-07-19 06:30:00+00:00,3961
2025-07-19 07:00:00+00:00,4016
2025-07-19 07:30:00+00:00,4151
2025-07-19 08:00:00+00:00,3743
2025-07-19 08:30:00+00:00,3676
2025-07-19 09:00:00+00:00,2974
2025-07-19 09:30:00+00:00,2920
2025-07-19 10:00:00+00:00,3294
2025-07-19 10:30:00+00:00,3574
2025-07-19 11:00:00+00:00,3769
2025-07-19 11:30:00+00:00,4275
2025-07-19 12:00:00+00:00,4862
2025-07-19 12:30:00+00:00,5638
2025-07-19 13:00:00+00:00,6290
2025-07-19 13:30:00+00:00,6793
2025-07-19 14:00:00+00:00,6902
2025-07-19 14:30:00+00:00,6896
2025-07-19 15:00:00+00:00,6245
2025-07-19 15:30:00+00:00,5895
2025-07-19 16:00:00+00:00,6075
2025-07-19 16:30:00+00:00,5987
2025-07-19 17:00:00+00:00,5938
2025-07-19 17:30:00+00:00,5800
2025-07-19 18:00:00+00:00,5401
2025-07-19 18:30:00+00:00,5613
2025-07-19 19:00:00+00:00,5332
2025-07-19 19:30:00+00:00,5093
2025-07-19 20:00:00+00:00,4506
2025-07-19 20:30:00+00:00,3931
2025-07-19 21:00:00+00:00,3850
2025-07-19 21:30:00+00:00,3498
2025-07-19 22:00:00+00:00,3305
2025-07-19 22:30:00+00:00,3206
2025-07-19 23:00:00+00:00,3276
2025-07-19 23:30:00+00:00,3318
2025-07-20 00:00:00+00:00,3349
2025-07-20 00:30:00+00:00,3610
2025-07-20 01:00:00+00:00,4061
2025-07-20 01:30:00+00:00,4472
2025-07-20 02:00:00+00:00,4320
2025-07-20 02:30:00+00:00,4158
2025-07-20 03:00:00+00:00,4073
2025-07-20 03:30:00+00:00,4072
2025-07-20 04:00:00+00:00,4112
2025-07-20 04:30:00+00:00,3965
2025-07-20 05:00:00+00:00,3658
2025-07-20 05:30:00+00:00,3662
2025-07-20 06:00:00+00:00,3507
2025-07-20 06:30:00+00:00,3436
2025-07-20 07:00:00+00:00,3319
2025-07-20 07:30:00+00:00,3528
2025-07-20 08:00:00+00:00,3666
2025-07-20 08:30:00+00:00,3549
2025-07-20 09:00:00+00:00,3574
2025-07-20 09:30:00+00:00,3664
2025-07-20 10:00:00+00:00,3840
2025-07-20 10:30:00+00:00,4222
2025-07-20 11:00:00+00:00,4580
2025-07-20 11:30:00+00:00,4575
2025-07-20 12:00:00+00:00,4840
2025-07-20 12:30:00+00:00,5077
2025-07-20 13:00:00+00:00,5306
2025-07-20 13:30:00+00:00,5395
2025-07-20 14:00:00+00:00,5296
2025-07-20 14:30:00+00:00,4780
2025-07-20 15:00:00+00:00,4468
2025-07-20 15:30:00+00:00,4255
2025-07-20 16:00:00+00:00,4399
2025-07-20 16:30:00+00:00,4322
2025-07-20 17:00:00+00:00,4276
2025-07-20 17:30:00+00:00,4037
2025-07-20 18:00:00+00:00,3884
2025-07-20 18:30:00+00:00,4158
2025-07-20 19:00:00+00:00,4375
2025-07-20 19:30:00+00:00,4418
2025-07-20 20:00:00+00:00,4658
2025-07-20 20:30:00+00:00,4999
2025-07-20 21:00:00+00:00,5377
2025-07-20 21:30:00+00:00,5591
2025-07-20 22:00:00+00:00,5121
2025-07-20 22:30:00+00:00,4735
2025-07-20 23:00:00+00:00,4743
2025-07-20 23:30:00+00:00,4920
2025-07-21 00:00:00+00:00,4582
2025-07-21 00:30:00+00:00,4343
2025-07-21 01:00:00+00:00,3936
2025-07-21 01:30:00+00:00,3620
2025-07-21 02:00:00+00:00,3013
2025-07-21 02:30:00+00:00,2627
2025-07-21 03:00:00+00:00,2631
2025-07-21 03:30:00+00:00,2283
2025-07-21 04:00:00+00:00,2132
2025-07-21 04:30:00+00:00,2088
2025-07-21 05:00:00+00:00,1905
2025-07-21 05:30:00+00:00,1881
2025-07-21 06:00:00+00:00,1748
2025-07-21 06:30:00+00:00,1812
2025-07-21 07:00:00+00:00,1759
2025-07-21 07:30:00+00:00,1783
2025-07-21 08:00:00+00:00,1758
2025-07-21 08:30:00+00:00,1561
2025-07-21 09:00:00+00:00,1763
2025-07-21 09:30:00+00:00,1867
2025-07-21 10:00:00+00:00,1851
2025-07-21 10:30:00+00:00,1757
2025-07-21 11:00:00+00:00,1895
2025-07-21 11:30:00+00:00,1918
2025-07-21 12:00:00+00:00,1776
2025-07-21 12:30:00+00:00,1598
2025-07-21 13:00:00+00:00,1516
2025-07-21 13:30:00+00:00,1556
2025-07-21 14:00:00+00:00,1538
2025-07-21 14:30:00+00:00,1576
2025-07-21 15:00:00+00:00,1800
2025-07-21 15:30:00+00:00,2255
2025-07-21 16:00:00+00:00,2743
2025-07-21 16:30:00+00:00,2994
2025-07-21 17:00:00+00:00,3547
2025-07-21 17:30:00+00:00,3437
2025-07-21 18:00:00+00:00,3307
2025-07-21 18:30:00+00:00,3265
2025-07-21 19:00:00+00:00,3171
2025-07-21 19:30:00+00:00,2969
2025-07-21 20:00:00+00:00,2830
2025-07-21 20:30:00+00:00,2894
2025-07-21 21:00:00+00:00,2878
2025-07-21 21:30:00+00:00,3201
2025-07-21 22:00:00+00:00,3755
2025-07-21 22:30:00+00:00,3722
2025-07-21 23:00:00+00:00,3669
2025-07-21 23:30:00+00:00,3953
2025-07-22 00:00:00+00:00,4419
2025-07-22 00:30:00+00:00,4526
2025-07-22 01:00:00+00:00,4585
2025-07-22 01:30:00+00:00,4478
2025-07-22 02:00:00+00:00,4516
2025-07-22 02:30:00+00:00,4470
2025-07-22 03:00:00+00:00,4561
2025-07-22 03:30:00+00:00,4591
2025-07-22 04:00:00+00:00,4786
2025-07-22 04:30:00+00:00,4681
2025-07-22 05:00:00+00:00,4396
2025-07-22 05:30:00+00:00,4087
2025-07-22 06:00:00+00:00,4086
2025-07-22 06:30:00+00:00,3895
2025-07-22 07:00:00+00:00,3615
2025-07-22 07:30:00+00:00,3538
2025-07-22 08:00:00+00:00,3540
2025-07-22 08:30:00+00:00,3375
2025-07-22 09:00:00+00:00,3396
2025-07-22 09:30:00+00:00,3504
2025-07-22 10:00:00+00:00,3537
2025-07-22 10:30:00+00:00,3472
2025-07-22 11:00:00+00:00,3682
2025-07-22 11:30:00+00:00,3668
2025-07-22 12:00:00+00:00,3586
2025-07-22 12:30:00+00:00,3535
2025-07-22 13:00:00+00:00,3390
2025-07-22 13:30:00+00:00,3415
2025-07-22 14:00:00+00:00,3389
2025-07-22 14:30:00+00:00,3459
2025-07-22 15:00:00+00:00,3898
2025-07-22 15:30:00+00:00,4074
2025-07-22 16:00:00+00:00,4342
2025-07-22 16:30:00+00:00,4610
2025-07-22 17:00:00+00:00,4834
2025-07-22 17:30:00+00:00,4756
2025-07-22 18:00:00+00:00,4438
2025-07-22 18:30:00+00:00,3963
2025-07-22 19:00:00+00:00,3428
2025-07-22 19:30:00+00:00,2991
2025-07-22 20:00:00+00:00,3027
2025-07-22 20:30:00+00:00,3137
2025-07-22 21:00:00+00:00,3280
2025-07-22 21:30:00+00:00,3304
2025-07-22 22:00:00+00:00,3355
2025-07-22 22:30:00+00:00,3179
2025-07-22 23:00:00+00:00,3022
2025-07-22 23:30:00+00:00,3003
2025-07-23 00:00:00+00:00,2822
2025-07-23 00:30:00+00:00,2652
2025-07-23 01:00:00+00:00,2655
2025-07-23 01:30:00+00:00,2711
2025-07-23 02:00:00+00:00,2733
2025-07-23 02:30:00+00:00,2839
2025-07-23 03:00:00+00:00,2802
2025-07-23 03:30:00+00:00,2768
2025-07-23 04:00:00+00:00,2791
2025-07-23 04:30:00+00:00,3049
2025-07-23 05:00:00+00:00,3227
2025-07-23 05:30:00+00:00,3201
2025-07-23 06:00:00+00:00,3117
2025-07-23 06:30:00+00:00,2956
2025-07-23 07:00:00+00:00,2831
2025-07-23 07:30:00+00:00,2699
2025-07-23 08:00:00+00:00,2542
2025-07-23 08:30:00+00:00,2502
2025-07-23 09:00:00+00:00,2497
2025-07-23 09:30:00+00:00,2459
2025-07-23 10:00:00+00:00,2418
2025-07-23 10:30:00+00:00,2452
2025-07-23 11:00:00+00:00,2461
2025-07-23 11:30:00+00:00,2396
2025-07-23 12:00:00+00:00,2449
2025-07-23 12:30:00+00:00,2309
2025-07-23 13:00:00+00:00,2248
2025-07-23 13:30:00+00:00,2244
2025-07-23 14:00:00+00:00,2183
2025-07-23 14:30:00+00:00,2205
2025-07-23 15:00:00+00:00,2254
2025-07-23 15:30:00+00:00,2385
2025-07-23 16:00:00+00:00,2535
2025-07-23 16:30:00+00:00,2802
2025-07-23 17:00:00+00:00,2956
2025-07-23 17:30:00+00:00,2932
2025-07-23 18:00:00+00:00,2931
2025-07-23 18:30:00+00:00,2901
2025-07-23 19:00:00+00:00,2889
2025-07-23 19:30:00+00:00,3258
2025-07-23 20:00:00+00:00,3536
2025-07-23 20:30:00+00:00,3863
2025-07-23 21:00:00+00:00,3918
2025-07-23 21:30:00+00:00,4004
2025-07-23 22:00:00+00:00,4301
2025-07-23 22:30:00+00:00,4509
2025-07-23 23:00:00+00:00,4523
2025-07-23 23:30:00+00:00,4590
2025-07-24 00:00:00+00:00,4761
2025-07-24 00:30:00+00:00,4931
2025-07-24 01:00:00+00:00,5313
2025-07-24 01:30:00+00:00,5448
2025-07-24 02:00:00+00:00,5548
2025-07-24 02:30:00+00:00,5811
2025-07-24 03:00:00+00:00,6045
2025-07-24 03:30:00+00:00,6334
2025-07-24 04:00:00+00:00,6506
2025-07-24 04:30:00+00:00,6783
2025-07-24 05:00:00+00:00,6946
2025-07-24 05:30:00+00:00,7043
2025-07-24 06:00:00+00:00,6911
2025-07-24 06:30:00+00:00,6857
2025-07-24 07:00:00+00:00,6594
2025-07-24 07:30:00+00:00,6183
2025-07-24 08:00:00+00:00,5922
2025-07-24 08:30:00+00:00,5724
2025-07-24 09:00:00+00:00,5489
2025-07-24 09:30:00+00:00,5493
2025-07-24 10:00:00+00:00,5541
2025-07-24 10:30:00+00:00,5518
2025-07-24 11:00:00+00:00,5581
2025-07-24 11:30:00+00:00,5552
2025-07-24 12:00:00+00:00,5622
2025-07-24 12:30:00+00:00,5685
2025-07-24 13:00:00+00:00,5631
2025-07-24 13:30:00+00:00,5483
2025-07-24 14:00:00+00:00,5139
2025-07-24 14:30:00+00:00,5020
2025-07-24 15:00:00+00:00,5034
2025-07-24 15:30:00+00:00,5260
2025-07-24 16:00:00+00:00,5557
2025-07-24 16:30:00+00:00,5501
2025-07-24 17:00:00+00:00,5162
2025-07-24 17:30:00+00:00,4825
2025-07-24 18:00:00+00:00,4756
2025-07-24 18:30:00+00:00,4630
2025-07-24 19:00:00+00:00,4469
2025-07-24 19:30:00+00:00,4068
2025-07-24 20:00:00+00:00,3594
2025-07-24 20:30:00+00:00,3223
2025-07-24 21:00:00+00:00,2797
2025-07-24 21:30:00+00:00,2445
2025-07-24 22:00:00+00:00,2228
2025-07-24 22:30:00+00:00,2213
2025-07-24 23:00:00+00:00,2070
2025-07-24 23:30:00+00:00,1998
2025-07-25 00:00:00+00:00,2018
2025-07-25 00:30:00+00:00,1998
2025-07-25 01:00:00+00:00,2237
2025-07-25 01:30:00+00:00,2501
2025-07-25 02:00:00+00:00,2677
2025-07-25 02:30:00+00:00,2898
2025-07-25 03:00:00+00:00,3058
2025-07-25 03:30:00+00:00,2894
2025-07-25 04:00:00+00:00,2913
2025-07-25 04:30:00+00:00,2793
2025-07-25 05:00:00+00:00,2851
2025-07-25 05:30:00+00:00,2907
2025-07-25 06:00:00+00:00,2829
2025-07-25 06:30:00+00:00,2874
2025-07-25 07:00:00+00:00,2932
2025-07-25 07:30:00+00:00,3023
2025-07-25 08:00:00+00:00,3103
2025-07-25 08:30:00+00:00,3147
2025-07-25 09:00:00+00:00,3139
2025-07-25 09:30:00+00:00,3192
2025-07-25 10:00:00+00:00,3351
2025-07-25 10:30:00+00:00,3716
2025-07-25 11:00:00+00:00,3936
2025-07-25 11:30:00+00:00,4172
2025-07-25 12:00:00+00:00,4200
2025-07-25 12:30:00+00:00,4021
2025-07-25 13:00:00+00:00,4053
2025-07-25 13:30:00+00:00,4210
2025-07-25 14:00:00+00:00,4318
2025-07-25 14:30:00+00:00,4405
2025-07-25 15:00:00+00:00,4450
2025-07-25 15:30:00+00:00,4058
2025-07-25 16:00:00+00:00,3901
2025-07-25 16:30:00+00:00,3931
2025-07-25 17:00:00+00:00,3919
2025-07-25 17:30:00+00:00,3785
2025-07-25 18:00:00+00:00,3772
2025-07-25 18:30:00+00:00,3789
2025-07-25 19:00:00+00:00,3749
2025-07-25 19:30:00+00:00,3861
2025-07-25 20:00:00+00:00,3757
2025-07-25 20:30:00+00:00,3666
2025-07-25 21:00:00+00:00,3807
2025-07-25 21:30:00+00:00,3785
2025-07-25 22:00:00+00:00,3521
2025-07-25 22:30:00+00:00,3463
2025-07-25 23:00:00+00:00,3305
2025-07-25 23:30:00+00:00,3184
2025-07-26 00:00:00+00:00,3316
2025-07-26 00:30:00+00:00,3480
2025-07-26 01:00:00+00:00,3467
2025-07-26 01:30:00+00:00,3245
2025-07-26 02:00:00+00:00,3113
2025-07-26 02:30:00+00:00,2925
2025-07-26 03:00:00+00:00,2738
2025-07-26 03:30:00+00:00,2433
2025-07-26 04:00:00+00:00,2344
2025-07-26 04:30:00+00:00,2403
2025-07-26 05:00:00+00:00,2534
2025-07-26 05:30:00+00:00,2714
2025-07-26 06:00:00+00:00,2714
2025-07-26 06:30:00+00:00,2549
2025-07-26 07:00:00+00:00,2294
2025-07-26 07:30:00+00:00,2396
2025-07-26 08:00:00+00:00,2376
2025-07-26 08:30:00+00:00,2732
2025-07-26 09:00:00+00:00,2921
2025-07-26 09:30:00+00:00,2905
2025-07-26 10:00:00+00:00,3003
2025-07-26 10:30:00+00:00,3089
2025-07-26 11:00:00+00:00,3202
2025-07-26 11:30:00+00:00,3405
2025-07-26 12:00:00+00:00,3459
2025-07-26 12:30:00+00:00,3334
2025-07-26 13:00:00+00:00,3186
2025-07-26 13:30:00+00:00,3239
2025-07-26 14:00:00+00:00,3299
2025-07-26 14:30:00+00:00,3647
2025-07-26 15:00:00+00:00,3862
2025-07-26 15:30:00+00:00,4042
2025-07-26 16:00:00+00:00,4226
2025-07-26 16:30:00+00:00,4237
2025-07-26 17:00:00+00:00,4289
2025-07-26 17:30:00+00:00,3748
2025-07-26 18:00:00+00:00,3552
2025-07-26 18:30:00+00:00,3700
2025-07-26 19:00:00+00:00,3729
2025-07-26 19:30:00+00:00,4111
2025-07-26 20:00:00+00:00,4330
2025-07-26 20:30:00+00:00,4556
2025-07-26 21:00:00+00:00,4770
2025-07-26 21:30:00+00:00,4939
2025-07-26 22:00:00+00:00,4620
2025-07-26 22:30:00+00:00,4325
2025-07-26 23:00:00+00:00,3766
2025-07-26 23:30:00+00:00,3617
2025-07-27 00:00:00+00:00,3338
2025-07-27 00:30:00+00:00,3317
2025-07-27 01:00:00+00:00,3431
2025-07-27 01:30:00+00:00,3465
2025-07-27 02:00:00+00:00,3604
2025-07-27 02:30:00+00:00,3822
2025-07-27 03:00:00+00:00,3974
2025-07-27 03:30:00+00:00,4290
2025-07-27 04:00:00+00:00,4285
2025-07-27 04:30:00+00:00,4224
2025-07-27 05:00:00+00:00,4324
2025-07-27 05:30:00+00:00,4243
2025-07-27 06:00:00+00:00,4522
2025-07-27 06:30:00+00:00,4356
2025-07-27 07:00:00+00:00,3927
2025-07-27 07:30:00+00:00,3626
2025-07-27 08:00:00+00:00,3558
2025-07-27 08:30:00+00:00,3587
2025-07-27 09:00:00+00:00,3588
2025-07-27 09:30:00+00:00,3825
2025-07-27 10:00:00+00:00,3971
2025-07-27 10:30:00+00:00,4153
2025-07-27 11:00:00+00:00,4191
2025-07-27 11:30:00+00:00,3526
2025-07-27 12:00:00+00:00,3360
2025-07-27 12:30:00+00:00,3983
2025-07-27 13:00:00+00:00,4575
2025-07-27 13:30:00+00:00,4405
2025-07-27 14:00:00+00:00,3751
2025-07-27 14:30:00+00:00,3863
2025-07-27 15:00:00+00:00,3679
2025-07-27 15:30:00+00:00,3616
2025-07-27 16:00:00+00:00,3680
2025-07-27 16:30:00+00:00,3724
2025-07-27 17:00:00+00:00,3744
2025-07-27 17:30:00+00:00,3816
2025-07-27 18:00:00+00:00,3870
2025-07-27 18:30:00+00:00,3937
2025-07-27 19:00:00+00:00,3707
2025-07-27 19:30:00+00:00,3490
2025-07-27 20:00:00+00:00,3395
2025-07-27 20:30:00+00:00,3442
2025-07-27 21:00:00+00:00,3985
2025-07-27 21:30:00+00:00,4681
2025-07-27 22:00:00+00:00,4709
2025-07-27 22:30:00+00:00,4321
2025-07-27 23:00:00+00:00,4156
2025-07-27 23:30:00+00:00,4223
2025-07-28 00:00:00+00:00,4472
2025-07-28 00:30:00+00:00,4757
2025-07-28 01:00:00+00:00,5132
2025-07-28 01:30:00+00:00,5320
2025-07-28 02:00:00+00:00,5270
2025-07-28 02:30:00+00:00,5255
2025-07-28 03:00:00+00:00,5355
2025-07-28 03:30:00+00:00,5708
2025-07-28 04:00:00+00:00,5959
2025-07-28 04:30:00+00:00,5739
2025-07-28 05:00:00+00:00,5533
2025-07-28 05:30:00+00:00,5705
2025-07-28 06:00:00+00:00,5766
2025-07-28 06:30:00+00:00,5376
2025-07-28 07:00:00+00:00,4995
2025-07-28 07:30:00+00:00,4587
2025-07-28 08:00:00+00:00,4336
2025-07-28 08:30:00+00:00,4263
2025-07-28 09:00:00+00:00,4097
2025-07-28 09:30:00+00:00,3834
2025-07-28 10:00:00+00:00,3528
2025-07-28 10:30:00+00:00,3192
2025-07-28 11:00:00+00:00,3125
2025-07-28 11:30:00+00:00,3290
2025-07-28 12:00:00+00:00,3192
2025-07-28 12:30:00+00:00,3062
2025-07-28 13:00:00+00:00,3095
2025-07-28 13:30:00+00:00,3061
2025-07-28 14:00:00+00:00,3075
2025-07-28 14:30:00+00:00,2996
2025-07-28 15:00:00+00:00,2940
2025-07-28 15:30:00+00:00,2982
2025-07-28 16:00:00+00:00,3132
2025-07-28 16:30:00+00:00,2914
2025-07-28 17:00:00+00:00,2660
2025-07-28 17:30:00+00:00,2495
2025-07-28 18:00:00+00:00,2281
2025-07-28 18:30:00+00:00,2065
2025-07-28 19:00:00+00:00,1760
2025-07-28 19:30:00+00:00,1613
2025-07-28 20:00:00+00:00,1600
2025-07-28 20:30:00+00:00,1502
2025-07-28 21:00:00+00:00,1347
2025-07-28 21:30:00+00:00,1341
2025-07-28 22:00:00+00:00,1293
2025-07-28 22:30:00+00:00,1145
2025-07-28 23:00:00+00:00,1116
2025-07-28 23:30:00+00:00,983
2025-07-29 00:00:00+00:00,924
2025-07-29 00:30:00+00:00,884
2025-07-29 01:00:00+00:00,867
2025-07-29 01:30:00+00:00,836
2025-07-29 02:00:00+00:00,826
2025-07-29 02:30:00+00:00,709
2025-07-29 03:00:00+00:00,638
2025-07-29 03:30:00+00:00,601
2025-07-29 04:00:00+00:00,599
2025-07-29 04:30:00+00:00,614
2025-07-29 05:00:00+00:00,698
2025-07-29 05:30:00+00:00,749
2025-07-29 06:00:00+00:00,754
2025-07-29 06:30:00+00:00,614
2025-07-29 07:00:00+00:00,627
2025-07-29 07:30:00+00:00,662
2025-07-29 08:00:00+00:00,615
2025-07-29 08:30:00+00:00,548
2025-07-29 09:00:00+00:00,541
2025-07-29 09:30:00+00:00,491
2025-07-29 10:00:00+00:00,462
2025-07-29 10:30:00+00:00,507
2025-07-29 11:00:00+00:00,509
2025-07-29 11:30:00+00:00,607
2025-07-29 12:00:00+00:00,697
2025-07-29 12:30:00+00:00,726
2025-07-29 13:00:00+00:00,746
2025-07-29 13:30:00+00:00,754
2025-07-29 14:00:00+00:00,700
2025-07-29 14:30:00+00:00,732
2025-07-29 15:00:00+00:00,806
2025-07-29 15:30:00+00:00,870
2025-07-29 16:00:00+00:00,963
2025-07-29 16:30:00+00:00,1023
2025-07-29 17:00:00+00:00,1260
2025-07-29 17:30:00+00:00,1438
2025-07-29 18:00:00+00:00,1424
2025-07-29 18:30:00+00:00,1497
2025-07-29 19:00:00+00:00,1548
2025-07-29 19:30:00+00:00,1575
2025-07-29 20:00:00+00:00,1515
2025-07-29 20:30:00+00:00,1618
2025-07-29 21:00:00+00:00,1699
2025-07-29 21:30:00+00:00,1793
2025-07-29 22:00:00+00:00,1707
2025-07-29 22:30:00+00:00,1993
2025-07-29 23:00:00+00:00,2057
2025-07-29 23:30:00+00:00,2159
2025-07-30 00:00:00+00:00,2139
2025-07-30 00:30:00+00:00,2191
2025-07-30 01:00:00+00:00,2196
2025-07-30 01:30:00+00:00,2269
2025-07-30 02:00:00+00:00,2427
2025-07-30 02:30:00+00:00,2555
2025-07-30 03:00:00+00:00,2534
2025-07-30 03:30:00+00:00,2462
2025-07-30 04:00:00+00:00,2526
2025-07-30 04:30:00+00:00,2600
2025-07-30 05:00:00+00:00,2695
2025-07-30 05:30:00+00:00,2719
2025-07-30 06:00:00+00:00,2697
2025-07-30 06:30:00+00:00,2566
2025-07-30 07:00:00+00:00,2530
2025-07-30 07:30:00+00:00,2428
2025-07-30 08:00:00+00:00,2280
2025-07-30 08:30:00+00:00,2177
2025-07-30 09:00:00+00:00,2108
2025-07-30 09:30:00+00:00,1924
2025-07-30 10:00:00+00:00,1861
2025-07-30 10:30:00+00:00,1900
2025-07-30 11:00:00+00:00,1841
2025-07-30 11:30:00+00:00,1782
2025-07-30 12:00:00+00:00,1732
2025-07-30 12:30:00+00:00,1579
2025-07-30 13:00:00+00:00,1585
2025-07-30 13:30:00+00:00,1783
2025-07-30 14:00:00+00:00,2050
2025-07-30 14:30:00+00:00,2294
2025-07-30 15:00:00+00:00,2518
2025-07-30 15:30:00+00:00,2664
2025-07-30 16:00:00+00:00,2971
2025-07-30 16:30:00+00:00,3507
2025-07-30 17:00:00+00:00,3891
2025-07-30 17:30:00+00:00,3847
2025-07-30 18:00:00+00:00,4107
2025-07-30 18:30:00+00:00,4320
2025-07-30 19:00:00+00:00,4329
2025-07-30 19:30:00+00:00,4455
2025-07-30 20:00:00+00:00,4548
2025-07-30 20:30:00+00:00,4481
2025-07-30 21:00:00+00:00,4364
2025-07-30 21:30:00+00:00,4270
2025-07-30 22:00:00+00:00,3815
2025-07-30 22:30:00+00:00,4201
2025-07-30 23:00:00+00:00,4487
2025-07-30 23:30:00+00:00,4745
2025-07-31 00:00:00+00:00,4671
2025-07-31 00:30:00+00:00,4615
2025-07-31 01:00:00+00:00,4575
2025-07-31 01:30:00+00:00,4462
2025-07-31 02:00:00+00:00,4580
2025-07-31 02:30:00+00:00,4743
2025-07-31 03:00:00+00:00,4703
2025-07-31 03:30:00+00:00,4571
2025-07-31 04:00:00+00:00,4487
2025-07-31 04:30:00+00:00,4386
2025-07-31 05:00:00+00:00,4389
2025-07-31 05:30:00+00:00,4335
2025-07-31 06:00:00+00:00,4480
2025-07-31 06:30:00+00:00,4796
2025-07-31 07:00:00+00:00,4850
2025-07-31 07:30:00+00:00,4858
2025-07-31 08:00:00+00:00,4750
2025-07-31 08:30:00+00:00,4638
2025-07-31 09:00:00+00:00,4541
2025-07-31 09:30:00+00:00,4783
2025-07-31 10:00:00+00:00,4782
2025-07-31 10:30:00+00:00,4788
2025-07-31 11:00:00+00:00,5133
2025-07-31 11:30:00+00:00,5575
2025-07-31 12:00:00+00:00,5833
2025-07-31 12:30:00+00:00,5790
2025-07-31 13:00:00+00:00,5819
2025-07-31 13:30:00+00:00,5938
2025-07-31 14:00:00+00:00,6103
2025-07-31 14:30:00+00:00,5687
2025-07-31 15:00:00+00:00,5615
2025-07-31 15:30:00+00:00,5922
2025-07-31 16:00:00+00:00,6300
2025-07-31 16:30:00+00:00,6258
2025-07-31 17:00:00+00:00,5858
2025-07-31 17:30:00+00:00,5801
2025-07-31 18:00:00+00:00,5890
2025-07-31 18:30:00+00:00,5782
2025-07-31 19:00:00+00:00,5881
2025-07-31 19:30:00+00:00,5889
2025-07-31 20:00:00+00:00,5819
2025-07-31 20:30:00+00:00,5838
2025-07-31 21:00:00+00:00,6049
2025-07-31 21:30:00+00:00,5881
2025-07-31 22:00:00+00:00,5736
2025-07-31 22:30:00+00:00,6080
